<?xml version="1.0" encoding="UTF-8"?>
<root>
  <item name="com.zzhoujay.richtext.ImageHolder int getImageType()">
    <annotation name="android.support.annotation.IntDef">
      <val name="value" val="{com.zzhoujay.richtext.ImageHolder.JPG, com.zzhoujay.richtext.ImageHolder.GIF}" />
    </annotation>
  </item>
  <item name="com.zzhoujay.richtext.ImageHolder int getScaleType()">
    <annotation name="android.support.annotation.IntDef">
      <val name="value" val="{com.zzhoujay.richtext.ImageHolder.DEFAULT, com.zzhoujay.richtext.ImageHolder.CENTER_CROP, com.zzhoujay.richtext.ImageHolder.FIT_CENTER}" />
    </annotation>
  </item>
  <item name="com.zzhoujay.richtext.ImageHolder void setImageType(int) 0">
    <annotation name="android.support.annotation.IntDef">
      <val name="value" val="{com.zzhoujay.richtext.ImageHolder.JPG, com.zzhoujay.richtext.ImageHolder.GIF}" />
    </annotation>
  </item>
  <item name="com.zzhoujay.richtext.ImageHolder void setScaleType(int) 0">
    <annotation name="android.support.annotation.IntDef">
      <val name="value" val="{com.zzhoujay.richtext.ImageHolder.DEFAULT, com.zzhoujay.richtext.ImageHolder.CENTER_CROP, com.zzhoujay.richtext.ImageHolder.FIT_CENTER}" />
    </annotation>
  </item>
</root>

